name,description
small-talk,Engaging in small-talk or discussing topics apart from negotiation to build rapport
empathy,Showing empathetic behavior towards the partner
promote-coordination,Making concessions or expressing desire to coordinate/find a deal
no-need,Implying that a particular item is not required based on personal context
elicit-pref,Inquiring about or attempting to gather the partner's preferences
undervalue-partner,Undermining the needs of the partner
vouch-fairness,Encouraging fairness in the deal to benefit self
self-need,Implying that a particular item is needed for personal use
other-need,Implying that a particular item is needed for someone else
